id,first_name,last_name,email,gender,ip_address
1,Martynne,Bullock,mbullock0@paginegialle.it,Female,211.250.159.124
2,Bethanne,Padbury,bpadbury1@blogspot.com,Female,100.189.34.233
3,Devondra,Rubinsky,drubinsky2@hp.com,Female,143.3.240.2
4,Peg,Iglesias,piglesias3@hibu.com,Female,1.183.19.248
5,Sybila,Kunisch,skunisch4@soundcloud.com,Female,207.163.236.228
6,Hymie,Dyka,hdyka5@github.com,Male,59.14.53.43
7,Zackariah,Ferroli,zferroli6@bizjournals.com,Male,94.120.82.19
8,Hannie,Berrill,hberrill7@zimbio.com,Female,43.16.96.166
9,Gusti,Lambol,glambol8@go.com,Female,87.227.134.49
10,Abigale,Rubinovitsch,arubinovitsch9@reuters.com,Female,167.199.1.203
11,Charyl,Crackel,ccrackela@jalbum.net,Female,242.231.61.55
12,Vinny,Boddie,vboddieb@techcrunch.com,Male,161.106.123.158
13,Elnora,Chadwin,echadwinc@blinklist.com,Female,189.146.149.64
14,Bartlett,McDool,bmcdoold@fotki.com,Male,101.72.243.22
15,La verne,Castells,lcastellse@wikipedia.org,Female,31.104.7.8
16,Jason,Balaisot,jbalaisotf@exblog.jp,Male,14.73.188.26
17,Thurston,Craighall,tcraighallg@flickr.com,Male,162.18.114.29
18,Ursala,Carlson,ucarlsonh@github.com,Female,30.110.84.193
19,Anna,Malthouse,amalthousei@java.com,Female,33.76.88.202
20,Merill,Ewington,mewingtonj@altervista.org,Agender,15.161.158.138
21,Catherin,Bricksey,cbrickseyk@columbia.edu,Female,30.246.50.231
22,Yvon,Beaushaw,ybeaushawl@dell.com,Male,219.57.26.170
23,Lazar,Emlin,lemlinm@wordpress.com,Male,199.20.222.52
24,Gayle,Buxsy,gbuxsyn@e-recht24.de,Female,158.9.167.210
25,Nari,Oene,noeneo@artisteer.com,Female,4.106.104.245
26,Lancelot,Beglin,lbeglinp@eepurl.com,Male,170.94.137.13
27,Skipp,Teece,steeceq@sina.com.cn,Male,252.181.28.2
28,Brandyn,Terrill,bterrillr@plala.or.jp,Male,77.78.93.23
29,Udall,Alldred,ualldreds@bluehost.com,Non-binary,222.60.81.245
30,Justine,Welbelove,jwelbelovet@patch.com,Agender,216.214.115.85
31,Rikki,Gannicleff,rgannicleffu@mac.com,Male,203.48.48.100
32,Manon,MacLaig,mmaclaigv@epa.gov,Female,239.200.133.244
33,Hobart,Baterip,hbateripw@newyorker.com,Male,131.64.78.29
34,Zeb,Officer,zofficerx@pbs.org,Male,226.204.112.173
35,Joeann,Domnin,jdomniny@360.cn,Agender,2.193.169.13
36,Tildi,Finnemore,tfinnemorez@behance.net,Genderqueer,165.169.108.110
37,Adam,McCrann,amccrann10@disqus.com,Male,137.170.28.241
38,Bernie,Seers,bseers11@geocities.com,Male,121.65.106.228
39,Reinwald,Hendonson,rhendonson12@tinyurl.com,Genderfluid,80.155.117.207
40,Moe,Riggert,mriggert13@nps.gov,Male,166.248.15.99
41,Siffre,O'Heaney,soheaney14@posterous.com,Male,159.242.127.168
42,Susannah,Gorick,sgorick15@example.com,Female,221.5.137.211
43,Grete,Pullman,gpullman16@fda.gov,Female,29.0.158.126
44,Robinet,Frushard,rfrushard17@jiathis.com,Male,223.226.150.170
45,Marta,Bastian,mbastian18@multiply.com,Female,88.83.202.164
46,Hyacintha,Cropp,hcropp19@bluehost.com,Female,174.23.202.122
47,Alisha,Cordle,acordle1a@mail.ru,Female,9.124.181.78
48,Alyosha,Beagen,abeagen1b@state.tx.us,Male,111.56.141.111
49,Breena,Oxberry,boxberry1c@amazon.de,Female,177.28.246.147
50,Grady,Pickerin,gpickerin1d@guardian.co.uk,Male,3.34.148.95
51,Bobbette,Cromb,bcromb1e@cam.ac.uk,Female,214.94.98.56
52,Stavros,Jeffrey,sjeffrey1f@sina.com.cn,Genderfluid,200.248.89.171
53,Inesita,Menichi,imenichi1g@slashdot.org,Female,237.40.216.33
54,Valery,Blitz,vblitz1h@comsenz.com,Non-binary,34.198.141.62
55,Vevay,Manners,vmanners1i@simplemachines.org,Female,153.47.220.14
56,Hedvige,Dumigan,hdumigan1j@nyu.edu,Female,30.244.164.137
57,Art,Chatelet,achatelet1k@desdev.cn,Male,0.114.182.153
58,Ninon,Longmaid,nlongmaid1l@sciencedirect.com,Female,180.172.160.40
59,Armin,Barnfield,abarnfield1m@slideshare.net,Male,160.198.41.106
60,Jeanie,Croxton,jcroxton1n@dell.com,Female,241.34.162.19
61,Cesare,Fright,cfright1o@craigslist.org,Male,64.206.142.152
62,Corie,Kix,ckix1p@miibeian.gov.cn,Agender,56.75.230.72
63,Rennie,Liebmann,rliebmann1q@barnesandnoble.com,Female,56.122.107.48
64,Cathlene,Dubery,cdubery1r@umich.edu,Female,114.191.114.164
65,Nolan,Laycock,nlaycock1s@geocities.com,Male,75.105.114.135
66,Dusty,Bramstom,dbramstom1t@vkontakte.ru,Female,108.57.11.133
67,Wally,Semour,wsemour1u@quantcast.com,Male,45.91.149.77
68,Rorie,Capnor,rcapnor1v@cnbc.com,Female,229.218.51.53
69,Ashbey,Welling,awelling1w@examiner.com,Male,240.97.203.189
70,Ursula,Foulgham,ufoulgham1x@studiopress.com,Genderfluid,141.175.195.100
71,Camile,McGhee,cmcghee1y@infoseek.co.jp,Female,97.50.26.195
72,Elijah,Porritt,eporritt1z@hibu.com,Male,157.241.88.232
73,Agnese,Kinvig,akinvig20@google.com.br,Female,39.146.232.157
74,Mandel,Geddes,mgeddes21@businesswire.com,Male,63.226.81.135
75,Osmund,Wotton,owotton22@ifeng.com,Male,199.198.48.233
76,Jerrilyn,Hazart,jhazart23@biglobe.ne.jp,Female,254.89.27.112
77,Billi,Rossey,brossey24@over-blog.com,Female,44.81.1.166
78,Eimile,Harmer,eharmer25@twitpic.com,Female,211.235.35.128
79,Juan,Markwell,jmarkwell26@nymag.com,Male,135.78.209.242
80,Davidde,Lambarton,dlambarton27@nih.gov,Male,144.183.251.176
81,Gerhardt,Vasenin,gvasenin28@guardian.co.uk,Male,161.223.227.77
82,Monica,Bonsul,mbonsul29@eepurl.com,Female,14.172.222.231
83,Harriett,McComiskie,hmccomiskie2a@patch.com,Female,64.4.146.50
84,Lydon,Rhule,lrhule2b@amazon.com,Male,67.245.133.201
85,Diannne,Cardinal,dcardinal2c@buzzfeed.com,Female,55.84.113.118
86,Laughton,Kenealy,lkenealy2d@spotify.com,Male,155.14.53.46
87,Eulalie_check,Fransseni,efransseni2e@mit.edu,Female,38.153.172.41
88,Janine,Birtley,jbirtley2f@wufoo.com,Female,197.53.197.190
89,Gareth,Aikenhead,gaikenhead2g@aol.com,Male,168.155.102.227
90,Melantha,Milnthorpe,mmilnthorpe2h@histats.com,Female,110.225.132.79
91,Sauveur,Duly,sduly2i@list-manage.com,Male,115.199.61.168
92,Jakie,Ashmole,jashmole2j@163.com,Male,38.134.68.219
93,Isobel,Prothero,iprothero2k@census.gov,Female,32.77.199.151
94,Eduino,Robertelli,erobertelli2l@bluehost.com,Male,74.123.108.226
95,Cesare,Gerraty,cgerraty2m@bing.com,Male,18.127.122.105
96,Matelda,Sandom,msandom2n@economist.com,Female,81.153.24.135
97,Zia,Backen,zbacken2o@yandex.ru,Female,7.115.92.111
98,Mora,Houlahan,mhoulahan2p@msn.com,Genderqueer,157.102.25.246
99,Northrup,Maw,nmaw2q@github.com,Male,204.41.209.17
100,Germayne,Lorraine,glorraine2r@ted.com,Male,192.154.1.215
101,Joshia,Pursey,jpursey2s@alexa.com,Male,198.173.208.239
102,Angeline,L'oiseau,aloiseau2t@ox.ac.uk,Female,52.195.191.160
103,Lelia,Cosens,lcosens2u@pinterest.com,Female,205.71.113.195
104,Giffy,Ingilson,gingilson2v@vinaora.com,Male,237.88.230.42
105,Bobbette,Clapson,bclapson2w@google.cn,Female,28.215.206.132
106,Justinn,Klaaassen,jklaaassen2x@va.gov,Non-binary,60.119.117.224
107,Griswold,Koeppke,gkoeppke2y@elegantthemes.com,Male,228.220.226.136
108,Dionisio,Occleshaw,doccleshaw2z@un.org,Male,247.53.51.160
109,Beryle,McIlwaine,bmcilwaine30@nytimes.com,Female,95.14.187.248
110,Andie,Uff,auff31@technorati.com,Female,45.251.122.224
111,Juditha,Egglestone,jegglestone32@sohu.com,Female,126.200.230.158
112,Kerwinn,Killford,kkillford33@ted.com,Male,210.245.112.159
113,Carmelia,Gilberthorpe,cgilberthorpe34@usnews.com,Female,59.118.194.138
114,Brennen,Beert,bbeert35@accuweather.com,Male,95.161.163.167
115,Free,Mendel,fmendel36@skype.com,Male,148.232.125.237
116,Jsandye,MacTrustam,jmactrustam37@auda.org.au,Female,201.140.67.42
117,Siana,Lorden,slorden38@blogs.com,Female,68.235.252.158
118,Aylmer,Barbary,abarbary39@gravatar.com,Male,242.160.237.27
119,Cad,Elgar,celgar3a@bluehost.com,Male,42.64.130.191
120,Everard,Fairhurst,efairhurst3b@hatena.ne.jp,Male,220.164.234.195
121,Ilse,Izac,iizac3c@whitehouse.gov,Female,91.7.221.207
122,Bryce,Schofield,bschofield3d@businessweek.com,Male,117.189.202.250
123,Lianne,Melmar,lmelmar3e@hubpages.com,Female,65.199.200.1
124,Kathryn,Shaddick,kshaddick3f@businessinsider.com,Female,170.15.232.28
125,Turner,Burtwistle,tburtwistle3g@deliciousdays.com,Male,169.182.180.220
126,Hamid,Grundon,hgrundon3h@census.gov,Male,136.229.245.249
127,Winifred,D' Angelo,wdangelo3i@bloglovin.com,Female,107.218.66.37
128,Dwain,Mougenel,dmougenel3j@hud.gov,Male,56.156.142.127
129,Dodi,Gretham,dgretham3k@skyrock.com,Female,61.173.11.239
130,Axel,Yapp,ayapp3l@wsj.com,Male,232.145.81.54
131,Ronnie,Thurby,rthurby3m@google.co.uk,Male,153.213.232.227
132,Scarface,Goude,sgoude3n@zimbio.com,Male,169.17.180.191
133,Barbee,Casement,bcasement3o@bloglines.com,Female,67.98.107.226
134,Daniela,Keeley,dkeeley3p@ted.com,Female,162.80.111.155
135,Ameline,Ricardet,aricardet3q@plala.or.jp,Female,132.28.120.252
136,Fae,Cutforth,fcutforth3r@economist.com,Female,17.200.31.196
137,Carmine,McEnteggart,cmcenteggart3s@jigsy.com,Female,177.58.79.219
138,Aldric,Piechnik,apiechnik3t@trellian.com,Male,138.247.17.144
139,Jody,Tizzard,jtizzard3u@apple.com,Male,144.173.71.22
140,Skylar,Dehm,sdehm3v@goodreads.com,Male,101.153.192.48
141,Raviv,Fossitt,rfossitt3w@cmu.edu,Male,86.135.169.68
142,Bastien,Antley,bantley3x@ibm.com,Male,247.55.240.192
143,Ilyse,Svanetti,isvanetti3y@reuters.com,Female,33.192.101.143
144,Nerissa,Eccleston,neccleston3z@pcworld.com,Female,172.54.203.150
145,Donnajean,Robelet,drobelet40@home.pl,Female,137.177.86.226
146,Lek,Leckey,lleckey41@webs.com,Male,64.200.82.41
147,Norbie,Spearman,nspearman42@un.org,Male,168.34.126.214
148,Elberta,De Maine,edemaine43@addtoany.com,Female,136.86.177.49
149,Zara,Booty,zbooty44@51.la,Female,254.2.3.32
150,Franciska,Pulteneye,fpulteneye45@acquirethisname.com,Agender,127.8.117.28
151,Fielding,Meeke,fmeeke46@indiegogo.com,Male,209.48.205.47
152,Frasier,Dionisetto,fdionisetto47@reddit.com,Male,227.125.131.11
153,Trenton,Chiene,tchiene48@taobao.com,Male,28.144.107.224
154,Joelie,Kondratyuk,jkondratyuk49@google.co.uk,Female,102.173.165.218
155,Piggy,Boken,pboken4a@163.com,Male,150.33.167.182
156,Dilan,Cumes,dcumes4b@dmoz.org,Male,198.30.40.85
157,Orazio,Vanyutin,ovanyutin4c@studiopress.com,Male,95.194.62.32
158,Ellerey,Hinkley,ehinkley4d@aboutads.info,Male,21.91.34.14
159,Giovanna,Drinkhill,gdrinkhill4e@loc.gov,Genderqueer,186.39.216.222
160,Shaun,Marris,smarris4f@statcounter.com,Female,2.1.17.237
161,Katrina,Rappaport,krappaport4g@sina.com.cn,Female,34.149.165.111
162,Orbadiah,Magne,omagne4h@so-net.ne.jp,Male,96.156.253.123
163,Noelani,Longhorne,nlonghorne4i@istockphoto.com,Female,87.247.153.27
164,Doro,Glazzard,dglazzard4j@independent.co.uk,Genderfluid,140.117.76.124
165,Clarita,Dougliss,cdougliss4k@ustream.tv,Genderqueer,226.81.105.24
166,Trudy,Faulks,tfaulks4l@mit.edu,Female,103.186.194.151
167,Anna-maria,Farrans,afarrans4m@macromedia.com,Female,6.200.155.19
168,Annadiane,Dellenbach,adellenbach4n@gnu.org,Female,98.175.43.117
169,Diandra,Paroni,dparoni4o@pinterest.com,Female,62.88.52.109
170,Clim,Capstake,ccapstake4p@jugem.jp,Male,249.208.68.50
171,Tobye,Mc Grath,tmcgrath4q@telegraph.co.uk,Female,76.178.59.245
172,Blondy,Reveley,breveley4r@nba.com,Female,8.205.106.138
173,Donetta,Whyberd,dwhyberd4s@statcounter.com,Female,112.49.103.162
174,Erda,Jochanany,ejochanany4t@techcrunch.com,Genderfluid,26.249.134.179
175,Emmi,Plante,eplante4u@photobucket.com,Female,114.190.215.219
176,Rafa,Kahan,rkahan4v@simplemachines.org,Female,88.58.173.252
177,Cullie,Murrish,cmurrish4w@techcrunch.com,Male,63.190.88.36
178,Stavro,Claricoates,sclaricoates4x@java.com,Male,208.160.37.209
179,Zelda,Giovannetti,zgiovannetti4y@businessweek.com,Female,16.254.95.130
180,Chaddy,Coppin,ccoppin4z@gnu.org,Male,212.77.158.217
181,Augusto,Hannum,ahannum50@bandcamp.com,Male,4.41.199.115
182,Thorvald,Klampk,tklampk51@ycombinator.com,Male,228.95.110.237
183,Opal,Yexley,oyexley52@foxnews.com,Female,7.25.78.151
184,Markos,Ogus,mogus53@nbcnews.com,Male,108.67.21.212
185,Allayne,Wrankling,awrankling54@livejournal.com,Male,59.223.72.31
186,Deva,Rakestraw,drakestraw55@ibm.com,Female,38.113.244.64
187,Delcina,Bertolaccini,dbertolaccini56@jigsy.com,Female,60.197.231.39
188,Octavia,Bassingden,obassingden57@cnet.com,Female,233.253.100.162
189,Gabriele,Thomasset,gthomasset58@globo.com,Male,18.120.6.251
190,Car,Smallpiece,csmallpiece59@yolasite.com,Male,152.252.241.18
191,Craig,Shane,cshane5a@tripod.com,Male,224.110.81.42
192,Nicholle,Edginton,nedginton5b@buzzfeed.com,Female,66.42.0.99
193,Nanette,Zmitrovich,nzmitrovich5c@simplemachines.org,Female,98.85.127.252
194,Smith,Grayland,sgrayland5d@walmart.com,Male,104.151.216.206
195,Juan,Bollen,jbollen5e@google.com.au,Male,22.96.21.117
196,Innis,Lethem,ilethem5f@mozilla.com,Polygender,12.36.244.105
197,Keith,Tyght,ktyght5g@webeden.co.uk,Male,25.35.0.75
198,Morganne,Fereday,mfereday5h@wired.com,Agender,244.226.19.28
199,Reece,Pitrollo,rpitrollo5i@va.gov,Male,35.163.187.109
200,Odille,Totton,ototton5j@ft.com,Female,242.10.221.152
201,Bobbee,Demageard,bdemageard5k@china.com.cn,Female,2.100.124.172
202,Garv,Titt,gtitt5l@diigo.com,Male,54.11.58.219
203,Dominique,Lacy,dlacy5m@craigslist.org,Female,219.207.165.92
204,Kin,Thowes,kthowes5n@clickbank.net,Male,48.84.7.71
205,Nessie,Water,nwater5o@moonfruit.com,Female,175.188.21.174
206,Lenee,Congdon,lcongdon5p@ask.com,Female,52.178.151.167
207,Jere,Armit,jarmit5q@timesonline.co.uk,Male,234.212.148.51
208,Nicky,Tiplady,ntiplady5r@topsy.com,Male,18.15.122.145
209,Katerina,Cope,kcope5s@mit.edu,Female,64.60.125.129
210,Andris,Coopland,acoopland5t@barnesandnoble.com,Male,139.81.251.78
211,Antoinette,Gladwell,agladwell5u@deliciousdays.com,Polygender,6.148.179.96
212,Cornie,Decayette,cdecayette5v@gmpg.org,Male,178.48.80.117
213,Allayne,Layus,alayus5w@craigslist.org,Male,81.186.1.171
214,Chelsae,Peachment,cpeachment5x@bravesites.com,Female,0.47.225.54
215,Muffin,Cawker,mcawker5y@spiegel.de,Female,137.192.168.161
216,Anabal,Wansbury,awansbury5z@cnn.com,Female,91.71.28.21
217,Wilfrid,Maud,wmaud60@latimes.com,Male,192.158.203.170
218,Arvin,Yearsley,ayearsley61@list-manage.com,Male,100.206.183.36
219,Aharon,Thompkins,athompkins62@wordpress.com,Male,16.224.23.205
220,Edi,Habard,ehabard63@yolasite.com,Female,208.49.53.208
221,Pierson,Edmands,pedmands64@nbcnews.com,Male,49.248.176.98
222,Calv,Sweetenham,csweetenham65@simplemachines.org,Male,4.26.251.214
223,Calvin,Alfonsetto,calfonsetto66@odnoklassniki.ru,Male,61.181.159.15
224,Francoise,Buxey,fbuxey67@disqus.com,Agender,222.18.27.244
225,Delila,Clausson,dclausson68@amazon.com,Female,86.224.124.45
226,Sigmund,Saiens,ssaiens69@cnn.com,Male,64.99.215.248
227,Pail,Tunnick,ptunnick6a@nbcnews.com,Male,149.184.4.66
228,Town,Kean,tkean6b@facebook.com,Male,116.168.70.11
229,Ariel,Jent,ajent6c@usda.gov,Female,118.214.63.55
230,Angil,Basford,abasford6d@macromedia.com,Female,156.132.219.88
231,Garfield,Korneichuk,gkorneichuk6e@umich.edu,Male,125.168.253.99
232,Cindra,Linnard,clinnard6f@reference.com,Female,251.111.231.50
233,Denny,Clubley,dclubley6g@hexun.com,Agender,109.193.222.88
234,Consuela,Gozard,cgozard6h@timesonline.co.uk,Female,108.0.92.147
235,Aldon,Ruilton,aruilton6i@histats.com,Male,180.21.238.12
236,Welbie,Sivell,wsivell6j@domainmarket.com,Male,113.124.24.166
237,Joyann,Berridge,jberridge6k@arstechnica.com,Female,78.186.142.111
238,Burty,Elt,belt6l@devhub.com,Male,125.117.241.91
239,Pamelina,Lincke,plincke6m@t-online.de,Agender,242.222.245.125
240,Alana,Spaule,aspaule6n@1688.com,Agender,232.118.131.188
241,Haily,Lefwich,hlefwich6o@eepurl.com,Female,206.41.143.219
242,Martino,Dinse,mdinse6p@newyorker.com,Male,142.17.40.67
243,Christie,Boughtflower,cboughtflower6q@nydailynews.com,Female,227.65.8.74
244,Trixi,Zannutti,tzannutti6r@salon.com,Female,17.134.244.177
245,Julita,Statter,jstatter6s@last.fm,Female,121.107.138.6
246,Cecelia,Howchin,chowchin6t@multiply.com,Female,211.198.20.211
247,Lydie,Avory,lavory6u@squarespace.com,Female,102.205.136.31
248,Heath,Badcock,hbadcock6v@twitpic.com,Male,184.147.79.18
249,Cally,Sindle,csindle6w@webnode.com,Female,111.146.158.67
250,Ethelda,McCracken,emccracken6x@redcross.org,Female,169.17.202.95
251,Man,Stratten,mstratten6y@hostgator.com,Male,82.201.217.253
252,Had,Galbraith,hgalbraith6z@about.com,Male,123.69.97.215
253,Tammie,Turnor,tturnor70@cam.ac.uk,Male,156.118.216.56
254,Claudio,Bagwell,cbagwell71@paypal.com,Male,144.76.52.115
255,Ginni,Welds,gwelds72@businesswire.com,Female,188.120.80.244
256,Vicky,O'Flynn,voflynn73@yandex.ru,Female,92.125.221.240
257,Randa,Eminson,reminson74@biblegateway.com,Female,42.12.155.195
258,Stevena,Esbrook,sesbrook75@usa.gov,Female,248.253.5.204
259,Hunfredo,Tallow,htallow76@buzzfeed.com,Male,95.210.19.137
260,Bernie,Henstridge,bhenstridge77@livejournal.com,Female,43.101.194.22
261,Suzette,Volette,svolette78@de.vu,Female,128.194.83.187
262,Duffie,Kubatsch,dkubatsch79@harvard.edu,Male,129.60.36.103
263,Wallache,Ferrara,wferrara7a@patch.com,Male,129.89.112.245
264,Nevil,Towner,ntowner7b@cmu.edu,Male,48.169.175.254
265,Carlen,Franses,cfranses7c@usgs.gov,Female,243.60.223.190
266,Laverne,Mosey,lmosey7d@wufoo.com,Genderfluid,113.101.8.10
267,Lena,Hanalan,lhanalan7e@samsung.com,Female,251.45.144.217
268,Karmen,Vinall,kvinall7f@hugedomains.com,Female,135.145.132.157
269,Modestine,Costock,mcostock7g@washington.edu,Female,79.199.216.64
270,Jasper,St. Clair,jstclair7h@phpbb.com,Male,245.233.165.150
271,Almira,Bailes,abailes7i@sohu.com,Female,8.235.143.78
272,Rolando,Tripon,rtripon7j@wunderground.com,Male,239.141.47.203
273,Augustine,Grasser,agrasser7k@independent.co.uk,Bigender,78.135.164.190
274,Kirstin,Garnam,kgarnam7l@miitbeian.gov.cn,Female,161.171.104.136
275,Rik,Francesc,rfrancesc7m@amazonaws.com,Male,106.98.73.0
276,Lonna,Lathbury,llathbury7n@intel.com,Female,238.36.233.21
277,Zebedee,Cockrell,zcockrell7o@infoseek.co.jp,Male,198.53.105.208
278,Reese,Bentall,rbentall7p@shop-pro.jp,Genderfluid,130.178.170.112
279,Iver,Silcock,isilcock7q@go.com,Male,214.173.117.0
280,Tammi,Sickamore,tsickamore7r@ebay.com,Female,126.78.190.49
281,Raymund,Radenhurst,rradenhurst7s@google.com,Male,0.217.139.197
282,Celestina,Machans,cmachans7t@nationalgeographic.com,Female,36.134.12.31
283,Niven,Joskovitch,njoskovitch7u@bbc.co.uk,Male,139.123.109.219
284,Rodney,Gorriessen,rgorriessen7v@macromedia.com,Male,42.86.228.243
285,Gaspar,Kenwood,gkenwood7w@acquirethisname.com,Male,142.105.181.62
286,Merrielle,Dimmne,mdimmne7x@artisteer.com,Female,176.30.19.225
287,Melamie,Regenhardt,mregenhardt7y@opera.com,Female,25.98.37.53
288,Ethelbert,Chesman,echesman7z@ebay.co.uk,Male,214.175.191.134
289,Kendrick,Marten,kmarten80@usatoday.com,Male,194.41.86.69
290,Patton,Mullane,pmullane81@google.ru,Male,75.98.249.45
291,Shanon,Hammatt,shammatt82@mtv.com,Female,131.175.114.247
292,Hashim,Hindrick,hhindrick83@angelfire.com,Male,182.64.67.112
293,Celisse,Mackneis,cmackneis84@adobe.com,Female,168.34.205.193
294,Gibb,Klement,gklement85@jimdo.com,Male,240.112.165.245
295,Geoffry,Beeckx,gbeeckx86@spotify.com,Male,107.132.51.110
296,Brice,Lutas,blutas87@tmall.com,Male,130.248.155.140
297,Farah,Northall,fnorthall88@diigo.com,Female,190.198.157.25
298,Nichols,Kleingrub,nkleingrub89@prweb.com,Male,183.26.156.44
299,Tootsie,Lygo,tlygo8a@xing.com,Female,82.53.53.57
300,Mickie,Loughney,mloughney8b@npr.org,Female,192.67.73.102
301,Karleen,Westwell,kwestwell8c@elpais.com,Female,200.72.66.62
302,Benito,Quinell,bquinell8d@sphinn.com,Male,131.66.169.198
303,Merrile,Moraleda,mmoraleda8e@free.fr,Female,25.127.83.3
304,Romonda,McCarter,rmccarter8f@twitter.com,Female,55.104.194.183
305,Ezequiel,Farrington,efarrington8g@google.ca,Male,52.51.235.138
306,Broddy,Pirdue,bpirdue8h@blogtalkradio.com,Male,62.229.158.176
307,Inigo,Dumblton,idumblton8i@reverbnation.com,Male,147.112.118.236
308,Stavros,Dukelow,sdukelow8j@free.fr,Male,34.22.194.231
309,Wilden,Hawthorne,whawthorne8k@about.com,Male,248.59.239.95
310,Silvano,Dorricott,sdorricott8l@dailymail.co.uk,Male,11.198.117.74
311,Mano,Sherlock,msherlock8m@odnoklassniki.ru,Male,183.90.118.140
312,Krissy,Toone,ktoone8n@dedecms.com,Female,187.161.91.91
313,Sam,Finlay,sfinlay8o@yellowbook.com,Polygender,42.28.180.15
314,Broddy,Wudeland,bwudeland8p@princeton.edu,Male,66.203.226.145
315,Bertrand,Arstingall,barstingall8q@loc.gov,Male,60.51.155.10
316,Sara-ann,Dax,sdax8r@acquirethisname.com,Female,64.26.119.8
317,Geoff,Tatum,gtatum8s@skype.com,Male,121.230.93.106
318,Obadiah,Simms,osimms8t@digg.com,Male,224.210.87.239
319,Antoinette,Dureden,adureden8u@sfgate.com,Female,143.44.58.83
320,Renault,Dedrick,rdedrick8v@ca.gov,Male,70.30.162.125
321,Harlin,Mayston,hmayston8w@comcast.net,Male,136.23.37.37
322,Seumas,Haensel,shaensel8x@mail.ru,Male,174.152.46.45
323,Reinald,Filipczynski,rfilipczynski8y@vinaora.com,Bigender,225.200.140.213
324,Westbrooke,Jeandeau,wjeandeau8z@cdc.gov,Male,185.151.177.84
325,Rodina,McReynolds,rmcreynolds90@imgur.com,Female,2.78.45.215
326,Wayne,Odgaard,wodgaard91@themeforest.net,Male,203.81.204.156
327,Dallis,Yegorev,dyegorev92@twitter.com,Male,43.137.242.227
328,Heddie,Kellaway,hkellaway93@barnesandnoble.com,Non-binary,147.222.169.167
329,Lib,Dorsey,ldorsey94@clickbank.net,Genderqueer,43.94.227.211
330,Helaina,Rehm,hrehm95@army.mil,Female,169.67.37.153
331,Caresse,Bartholomaus,cbartholomaus96@mashable.com,Female,223.244.169.247
332,Vina,Brinkman,vbrinkman97@godaddy.com,Female,119.45.168.158
333,Cordey,Ondrus,condrus98@phoca.cz,Female,99.122.190.218
334,Nickolaus,Paynton,npaynton99@redcross.org,Male,129.9.78.232
335,Sawyere,Di Batista,sdibatista9a@deliciousdays.com,Non-binary,177.215.245.183
336,Guido,Baselio,gbaselio9b@webnode.com,Male,111.29.102.27
337,Vail,Smallcombe,vsmallcombe9c@is.gd,Male,155.206.196.101
338,Joelle,Feasley,jfeasley9d@deliciousdays.com,Female,205.251.245.31
339,Benito,Geistbeck,bgeistbeck9e@sciencedaily.com,Male,115.177.246.103
340,Roberto,Runciman,rrunciman9f@tamu.edu,Male,141.13.13.128
341,Vita,Peace,vpeace9g@army.mil,Female,205.57.160.52
342,Birdie,Tejero,btejero9h@businessinsider.com,Female,116.131.84.9
343,Lauralee,Booth-Jarvis,lboothjarvis9i@google.es,Female,230.186.235.154
344,Edd,Owtram,eowtram9j@icio.us,Male,50.169.74.86
345,Gaven,Callow,gcallow9k@ftc.gov,Male,244.187.159.235
346,Elisa,Gossage,egossage9l@statcounter.com,Female,30.16.207.5
347,Auberon,Bouda,abouda9m@cyberchimps.com,Male,195.166.234.74
348,Adriano,Bonson,abonson9n@uol.com.br,Male,24.156.100.25
349,Almeria,Lenormand,alenormand9o@springer.com,Female,24.143.65.153
350,Lucias,Baldinotti,lbaldinotti9p@nifty.com,Male,221.182.183.154
351,Cassius,Dodle,cdodle9q@intel.com,Male,55.224.33.160
352,Kacie,Stit,kstit9r@independent.co.uk,Female,216.39.82.55
353,Bridie,Scotti,bscotti9s@geocities.jp,Female,229.17.200.175
354,Edan,Jorn,ejorn9t@psu.edu,Male,186.91.1.128
355,Sybille,Spadotto,sspadotto9u@unicef.org,Female,216.184.202.138
356,Hilly,Mayler,hmayler9v@ow.ly,Male,166.234.88.141
357,Dorie,Dowd,ddowd9w@nydailynews.com,Male,139.75.225.118
358,Cornelia,Farra,cfarra9x@mail.ru,Female,158.193.118.86
359,Harrison,Hawe,hhawe9y@netlog.com,Male,34.228.216.91
360,Nicoline,Boick,nboick9z@cornell.edu,Female,175.224.157.170
361,Austen,Dwire,adwirea0@webnode.com,Male,24.174.220.113
362,Dwayne,Burd,dburda1@over-blog.com,Male,37.143.125.197
363,Karalynn,Pressman,kpressmana2@phoca.cz,Female,87.117.83.215
364,Dreddy,Hobbert,dhobberta3@typepad.com,Female,164.245.225.205
365,Olimpia,Dorn,odorna4@weather.com,Female,203.167.101.95
366,Cointon,Dael,cdaela5@hatena.ne.jp,Male,12.187.132.55
367,Lisha,MacPaike,lmacpaikea6@epa.gov,Genderfluid,33.6.153.229
368,Ann,Bichard,abicharda7@wordpress.org,Female,110.64.237.123
369,Delila,Elijah,delijaha8@hatena.ne.jp,Female,101.56.112.128
370,Merlina,Van den Velden,mvandenveldena9@bing.com,Female,181.216.88.124
371,Arlette,Skipperbottom,askipperbottomaa@wordpress.com,Female,12.64.96.174
372,Somerset,Meade,smeadeab@toplist.cz,Male,70.161.60.193
373,Pembroke,Boniface,pbonifaceac@reuters.com,Male,61.234.42.13
374,Lilias,Wakeling,lwakelingad@creativecommons.org,Female,127.83.185.195
375,Maddi,Molyneaux,mmolyneauxae@dion.ne.jp,Female,141.82.181.98
376,Dania,Chadwell,dchadwellaf@ted.com,Female,153.194.1.4
377,Slade,Zold,szoldag@globo.com,Male,124.8.89.160
378,Harmon,Stringer,hstringerah@cnn.com,Male,85.10.61.133
379,Sydney,Guidi,sguidiai@deviantart.com,Male,231.234.127.54
380,Vivianne,Grishanin,vgrishaninaj@sun.com,Female,207.178.218.2
381,Lyndsie,Lyste,llysteak@addthis.com,Female,151.27.99.96
382,Barbaraanne,Bucher,bbucheral@webnode.com,Female,18.119.205.24
383,Leticia,Older,lolderam@cyberchimps.com,Female,144.226.209.185
384,Iggie,Clinkard,iclinkardan@elegantthemes.com,Male,242.184.178.242
385,Enid,Josefs,ejosefsao@gmpg.org,Female,163.207.237.182
386,Shelly,Reimers,sreimersap@arizona.edu,Agender,177.139.134.181
387,Charin,Rabbitts,crabbittsaq@amazon.co.jp,Female,43.252.239.97
388,Ambrosi,Hinchcliffe,ahinchcliffear@artisteer.com,Male,229.5.111.225
389,Lexi,McLenahan,lmclenahanas@ihg.com,Female,84.59.242.195
390,Rodolphe,Ruter,rruterat@sogou.com,Male,23.40.45.17
391,Kristen,Grimshaw,kgrimshawau@ycombinator.com,Female,227.150.228.162
392,Florie,Avraham,favrahamav@senate.gov,Female,114.6.206.180
393,Bab,Tooley,btooleyaw@independent.co.uk,Female,135.214.163.107
394,Sophie,Candy,scandyax@vkontakte.ru,Female,242.235.182.98
395,Marrissa,Matuszewski,mmatuszewskiay@virginia.edu,Female,209.107.72.183
396,Newton,Winchurst,nwinchurstaz@discuz.net,Male,138.39.215.107
397,Chelsae,Cassidy,ccassidyb0@google.nl,Female,205.246.96.28
398,Orren,Joiner,ojoinerb1@posterous.com,Male,97.8.208.45
399,Dulcea,Gierhard,dgierhardb2@businessweek.com,Female,110.159.102.46
400,Osborne,Wallbrook,owallbrookb3@odnoklassniki.ru,Male,85.114.42.92
401,Valene,Leidecker,vleideckerb4@mail.ru,Female,144.119.36.44
402,Minnnie,Bareham,mbarehamb5@facebook.com,Female,100.97.120.216
403,Jakie,Sacase,jsacaseb6@europa.eu,Male,242.209.115.148
404,Margit,Baltzar,mbaltzarb7@spotify.com,Female,239.113.12.168
405,Ray,Lamps,rlampsb8@hugedomains.com,Female,63.228.230.165
406,Meryl,Breawood,mbreawoodb9@issuu.com,Male,120.8.158.143
407,Marybelle,Symonds,msymondsba@ed.gov,Female,231.17.29.66
408,Nelia,Ruprechter,nruprechterbb@360.cn,Genderqueer,164.211.198.204
409,Wells,Counter,wcounterbc@java.com,Male,134.196.1.205
410,Iain,Sally,isallybd@eventbrite.com,Male,83.197.169.220
411,Thedric,Drinkall,tdrinkallbe@qq.com,Male,22.63.71.7
412,Chelsea,Harhoff,charhoffbf@sogou.com,Female,68.171.179.102
413,Bud,Pauling,bpaulingbg@addthis.com,Agender,225.201.112.180
414,Karlens,Bednall,kbednallbh@pcworld.com,Male,87.48.0.94
415,Ashly,Philler,aphillerbi@cmu.edu,Female,222.25.54.207
416,Nadya,Midden,nmiddenbj@umich.edu,Female,19.187.21.176
417,Ellerey,Pennington,epenningtonbk@umn.edu,Male,134.41.111.58
418,Neville,Fane,nfanebl@forbes.com,Male,29.209.9.143
419,Carmina,Fraczkiewicz,cfraczkiewiczbm@cornell.edu,Female,84.115.227.235
420,Kaitlyn,Carlone,kcarlonebn@meetup.com,Female,79.126.238.207
421,Ally,Alcock,aalcockbo@theguardian.com,Female,216.94.117.155
422,Tessy,Lampen,tlampenbp@weibo.com,Female,165.254.39.224
423,Ulrike,Cheetam,ucheetambq@wired.com,Female,249.99.211.154
424,Dorelle,Crowth,dcrowthbr@istockphoto.com,Female,139.242.178.213
425,Barrett,Tenpenny,btenpennybs@nih.gov,Male,128.158.0.88
426,Kylie,Rogans,krogansbt@google.de,Female,83.49.175.232
427,Alyda,Stuer,astuerbu@comcast.net,Female,222.136.166.157
428,Tyler,Diack,tdiackbv@vistaprint.com,Agender,146.29.207.230
429,Dar,MacIver,dmaciverbw@unc.edu,Male,45.68.254.243
430,Zedekiah,Bettley,zbettleybx@g.co,Male,79.28.187.40
431,Jamey,Godsal,jgodsalby@fda.gov,Male,232.194.47.252
432,Ambrose,Micheli,amichelibz@blogger.com,Male,243.124.96.253
433,Abner,Haskett,ahaskettc0@jugem.jp,Male,60.237.128.250
434,Adelle,Grosier,agrosierc1@list-manage.com,Female,83.2.23.235
435,Revkah,Barca,rbarcac2@sina.com.cn,Female,252.190.132.193
436,Parnell,Dasent,pdasentc3@naver.com,Male,56.241.173.250
437,Berget,Benton,bbentonc4@cargocollective.com,Female,184.116.105.69
438,Jeniffer,McKeighan,jmckeighanc5@wiley.com,Female,191.64.249.183
439,Christoffer,Greiswood,cgreiswoodc6@bizjournals.com,Male,74.135.29.18
440,Thalia,Braganca,tbragancac7@cocolog-nifty.com,Female,41.201.169.21
441,Heddie,Bondley,hbondleyc8@printfriendly.com,Female,232.179.90.108
442,Bruis,Deegan,bdeeganc9@360.cn,Male,14.230.126.28
443,Hymie,Lorenzini,hlorenzinica@ezinearticles.com,Male,2.21.155.89
444,Janeen,Hince,jhincecb@g.co,Female,97.102.220.246
445,Forester,Clowney,fclowneycc@bravesites.com,Male,77.243.46.124
446,Maje,McMackin,mmcmackincd@aol.com,Male,37.234.218.41
447,Billie,Treadgold,btreadgoldce@simplemachines.org,Male,39.17.135.50
448,Talbert,Athow,tathowcf@google.it,Male,102.182.86.44
449,Lev,Flury,lflurycg@trellian.com,Male,92.242.47.1
450,Kissiah,Arnholz,karnholzch@themeforest.net,Female,219.197.8.0
451,Isa,Kenworthy,ikenworthyci@geocities.jp,Male,62.89.234.89
452,Bone,Flecknell,bflecknellcj@hexun.com,Male,57.184.227.225
453,Jo-ann,Coslitt,jcoslittck@unc.edu,Female,112.9.45.250
454,Davide,Walewski,dwalewskicl@opensource.org,Genderqueer,175.235.23.107
455,Shane,Wyse,swysecm@cloudflare.com,Female,111.170.113.48
456,Lorens,Habishaw,lhabishawcn@msn.com,Male,128.143.202.233
457,Arvy,Danielut,adanielutco@economist.com,Male,207.121.126.141
458,Bonnibelle,Collomosse,bcollomossecp@go.com,Bigender,173.194.52.9
459,Lory,MacDearmaid,lmacdearmaidcq@example.com,Female,230.141.160.231
460,Barnett,Roussel,brousselcr@elpais.com,Male,152.17.220.31
461,Audry,Vella,avellacs@homestead.com,Polygender,251.67.74.226
462,Link,Axel,laxelct@joomla.org,Male,183.70.41.67
463,Dario,Antao,dantaocu@ucoz.ru,Male,235.67.180.205
464,Claudianus,Beynon,cbeynoncv@ow.ly,Male,151.10.121.60
465,Vanni,Glaves,vglavescw@scientificamerican.com,Female,248.24.219.95
466,Aline,Selwyne,aselwynecx@liveinternet.ru,Female,91.29.249.251
467,Carma,Mawhinney,cmawhinneycy@reference.com,Female,109.7.88.136
468,Westbrooke,Zammett,wzammettcz@cocolog-nifty.com,Agender,80.114.254.117
469,Thalia,Mackerness,tmackernessd0@bing.com,Female,95.14.203.187
470,Zak,Beazer,zbeazerd1@digg.com,Male,160.184.207.21
471,Karole,Tolworth,ktolworthd2@prweb.com,Female,175.99.153.8
472,Alfreda,Savage,asavaged3@purevolume.com,Female,95.98.149.169
473,Patricia,McKerton,pmckertond4@paginegialle.it,Female,159.97.42.97
474,Jeddy,Khomin,jkhomind5@ftc.gov,Male,211.209.190.195
475,Bobbi,Antrag,bantragd6@unicef.org,Female,249.46.15.45
476,Ewell,Dybald,edybaldd7@flickr.com,Male,141.58.124.29
477,Remington,Manie,rmanied8@gravatar.com,Male,96.164.82.170
478,Daffie,Grinley,dgrinleyd9@sun.com,Female,218.58.242.132
479,Deena,Vannet,dvannetda@cbsnews.com,Bigender,198.8.205.7
480,Viki,Huddle,vhuddledb@weebly.com,Female,11.136.252.121
481,Shari,Braddon,sbraddondc@nature.com,Non-binary,39.66.228.49
482,Bibby,Getten,bgettendd@answers.com,Female,14.4.219.103
483,Amil,Spadoni,aspadonide@mediafire.com,Female,110.54.249.2
484,Theodor,Pankethman,tpankethmandf@nydailynews.com,Male,127.83.18.233
485,Tades,Sebley,tsebleydg@cafepress.com,Male,215.102.232.8
486,Candy,Sunock,csunockdh@mit.edu,Female,149.99.95.32
487,Gillian,Hebditch,ghebditchdi@altervista.org,Female,126.41.248.14
488,Emmalee,Ogilvie,eogilviedj@usa.gov,Female,150.179.3.17
489,Henderson,Lampert,hlampertdk@infoseek.co.jp,Male,228.44.123.249
490,Gaven,Baudoux,gbaudouxdl@mozilla.com,Male,63.183.45.29
491,Aggie,Fellibrand,afellibranddm@weather.com,Female,110.60.207.82
492,Aaron,Storrock,astorrockdn@sfgate.com,Male,151.88.175.246
493,Frederik,Blunden,fblundendo@salon.com,Male,47.30.109.58
494,Aleta,Sellers,asellersdp@yelp.com,Female,137.198.151.238
495,Jule,Oury,jourydq@seesaa.net,Male,131.59.253.36
496,Nancy,Guillart,nguillartdr@deviantart.com,Female,51.188.248.23
497,Pat,Hobell,phobellds@ustream.tv,Male,243.63.237.182
498,Dolly,Pidgeon,dpidgeondt@wsj.com,Female,203.112.175.202
499,Joannes,Cathrae,jcathraedu@techcrunch.com,Female,95.232.120.146
500,Jacinta,Twigg,jtwiggdv@loc.gov,Female,147.213.210.234
501,Darnell,Traise,dtraisedw@ft.com,Male,157.13.125.212
502,Sheffield,McGaugey,smcgaugeydx@yellowpages.com,Male,231.92.140.40
503,Melva,Gokes,mgokesdy@shutterfly.com,Female,149.248.23.77
504,Morton,Boycott,mboycottdz@t-online.de,Male,48.125.211.158
505,Burg,Grantham,bgranthame0@rakuten.co.jp,Male,88.6.235.92
506,Alon,Nagle,anaglee1@cargocollective.com,Male,189.65.244.192
507,Eugene,Purdie,epurdiee2@networksolutions.com,Male,105.196.181.122
508,Gibby,Plesing,gplesinge3@aboutads.info,Male,2.200.139.63
509,Angel,Harmour,aharmoure4@hibu.com,Male,15.188.89.37
510,Nydia,Castagnaro,ncastagnaroe5@infoseek.co.jp,Female,126.207.206.240
511,Hinda,Einchcombe,heinchcombee6@forbes.com,Female,47.146.177.84
512,Shelli,Maybury,smayburye7@ca.gov,Female,232.11.20.87
513,Karoly,Fordyce,kfordycee8@patch.com,Male,185.17.61.177
514,Ethelred,Geekie,egeekiee9@paginegialle.it,Male,250.162.22.88
515,Ronnica,MacParlan,rmacparlanea@netlog.com,Female,80.141.22.131
516,Jeffry,Foskew,jfoskeweb@4shared.com,Male,138.228.174.107
517,Clotilda,Crayton,ccraytonec@dailymotion.com,Polygender,98.129.28.11
518,Dante,Schoffler,dschofflered@home.pl,Male,18.242.222.9
519,Wynn,Murfett,wmurfettee@ning.com,Male,3.155.224.169
520,Bren,Idell,bidellef@statcounter.com,Female,123.82.241.236
521,Sorcha,Coggen,scoggeneg@china.com.cn,Female,165.143.219.168
522,Isacco,Gate,igateeh@devhub.com,Male,142.188.160.9
523,Bevvy,Oneal,bonealei@digg.com,Female,24.6.96.203
524,D'arcy,Ellicott,dellicottej@mail.ru,Non-binary,71.173.216.35
525,Rosanne,Lacknor,rlacknorek@scribd.com,Female,226.178.108.115
526,Iosep,Deftie,ideftieel@canalblog.com,Male,27.77.242.204
527,Addy,Sally,asallyem@bluehost.com,Genderfluid,236.243.97.144
528,Jarad,Pentycross,jpentycrossen@hugedomains.com,Male,240.224.139.125
529,Sallie,Davydenko,sdavydenkoeo@newyorker.com,Female,104.48.31.247
530,Rustin,Cuff,rcuffep@paginegialle.it,Agender,52.34.16.170
531,Prisca,Porker,pporkereq@privacy.gov.au,Female,202.174.26.52
532,Laurette,Seeney,lseeneyer@reference.com,Female,220.189.157.186
533,Zed,Zelley,zzelleyes@google.es,Male,145.85.201.192
534,Kristi,Grummitt,kgrummittet@sakura.ne.jp,Female,0.109.113.197
535,Jeffry,O'Hagan,johaganeu@yelp.com,Male,75.5.208.241
536,Markus,Londors,mlondorsev@hp.com,Male,255.200.27.81
537,Rikki,Armour,rarmourew@forbes.com,Male,138.246.202.65
538,Wilden,Marple,wmarpleex@amazon.co.jp,Male,39.138.139.40
539,Ninnetta,Skyram,nskyramey@state.tx.us,Female,90.21.175.57
540,Grete,Thyng,gthyngez@alexa.com,Female,141.199.105.137
541,Hilarius,Iannini,hianninif0@creativecommons.org,Genderfluid,120.99.240.111
542,Shea,Dronsfield,sdronsfieldf1@paypal.com,Female,120.50.186.79
543,Devlen,Gimlet,dgimletf2@tamu.edu,Male,10.52.55.70
544,Garth,Fitton,gfittonf3@histats.com,Male,136.7.214.168
545,Sally,Pietron,spietronf4@umn.edu,Female,98.122.142.222
546,Brant,Crumbie,bcrumbief5@tuttocitta.it,Male,203.177.115.162
547,Charleen,Longman,clongmanf6@paginegialle.it,Female,39.134.150.232
548,Harvey,Galvin,hgalvinf7@aol.com,Male,192.228.210.230
549,Mario,Manoelli,mmanoellif8@taobao.com,Male,78.236.248.50
550,Benoite,Lummus,blummusf9@wp.com,Female,157.205.137.27
551,Norry,Wishart,nwishartfa@oaic.gov.au,Male,166.31.171.61
552,Vail,Lean,vleanfb@meetup.com,Male,246.190.177.249
553,Andrej,Beneze,abenezefc@prweb.com,Male,72.77.120.202
554,Feliks,Babin,fbabinfd@cnn.com,Male,225.165.218.226
555,Sven,Totaro,stotarofe@imgur.com,Male,99.208.140.208
556,Nicolais,Fleeman,nfleemanff@liveinternet.ru,Male,73.30.120.111
557,Marlow,Goligher,mgoligherfg@netlog.com,Genderfluid,122.33.149.17
558,Joann,Boughtwood,jboughtwoodfh@ning.com,Female,159.246.0.41
559,Roderigo,Ruppel,rruppelfi@admin.ch,Male,177.166.78.125
560,Leonard,Simms,lsimmsfj@guardian.co.uk,Male,146.143.40.69
561,Joyce,Fillery,jfilleryfk@nasa.gov,Female,170.85.102.196
562,Gonzales,Polet,gpoletfl@netvibes.com,Polygender,174.248.167.179
563,Brendin,Alvarez,balvarezfm@about.me,Male,148.133.30.146
564,Darda,Rraundl,drraundlfn@jalbum.net,Female,47.254.194.202
565,Isahella,Kristoffersson,ikristofferssonfo@naver.com,Female,171.53.22.102
566,Liane,Tolwood,ltolwoodfp@ucla.edu,Female,252.104.46.69
567,Morena,Harp,mharpfq@msu.edu,Female,164.225.29.12
568,Jocelyn,Sprackling,jspracklingfr@dedecms.com,Female,12.194.216.158
569,Aurthur,Guslon,aguslonfs@oakley.com,Male,66.101.159.70
570,Courtnay,Perview,cperviewft@illinois.edu,Bigender,67.86.148.225
571,Lane,Casse,lcassefu@ft.com,Female,88.96.120.174
572,Fan,Tommis,ftommisfv@e-recht24.de,Female,226.2.177.33
573,Efrem,Peaddie,epeaddiefw@irs.gov,Male,38.221.105.26
574,Haroun,Timpany,htimpanyfx@mediafire.com,Male,159.82.70.202
575,Correy,Whitecross,cwhitecrossfy@hostgator.com,Female,4.34.0.185
576,Adah,Zorzi,azorzifz@nhs.uk,Female,75.4.244.9
577,Cullie,Mynard,cmynardg0@nba.com,Male,155.192.125.5
578,Briana,Gowen,bgoweng1@goo.gl,Female,7.73.20.98
579,Ervin,Careless,ecarelessg2@state.tx.us,Male,152.43.246.7
580,Hammad,Van der Baaren,hvanderbaareng3@privacy.gov.au,Male,190.109.167.14
581,Dode,Wyatt,dwyattg4@biblegateway.com,Female,87.57.251.149
582,Rubie,Stidworthy,rstidworthyg5@instagram.com,Female,170.94.207.76
583,Rosamund,Rodie,rrodieg6@google.com.hk,Female,101.233.136.151
584,Renae,Tyas,rtyasg7@quantcast.com,Female,183.227.43.145
585,Dukie,Edser,dedserg8@imageshack.us,Male,135.37.170.15
586,Zorana,Tippett,ztippettg9@newsvine.com,Female,206.241.108.202
587,Yevette,Banner,ybannerga@spiegel.de,Female,244.254.170.116
588,Haslett,Steptoe,hsteptoegb@eepurl.com,Male,146.85.217.92
589,Rog,Loalday,rloaldaygc@qq.com,Male,110.199.51.169
590,Loreen,Soggee,lsoggeegd@linkedin.com,Female,251.222.249.99
591,Marjie,Knocker,mknockerge@upenn.edu,Female,22.17.162.9
592,Tristan,Blitz,tblitzgf@nbcnews.com,Male,101.141.49.239
593,Johnna,Hutcheons,jhutcheonsgg@bandcamp.com,Female,145.57.124.10
594,Clive,Hynson,chynsongh@webs.com,Non-binary,104.173.33.242
595,Florenza,Ide,fidegi@goodreads.com,Female,33.57.214.87
596,Verile,Huckster,vhuckstergj@nymag.com,Female,7.15.58.5
597,Teddi,Cisland,tcislandgk@kickstarter.com,Genderfluid,251.200.89.69
598,Roseline,Vern,rverngl@umn.edu,Female,188.187.123.57
599,Crin,Jeays,cjeaysgm@reference.com,Female,73.99.175.154
600,Kane,Braidley,kbraidleygn@paypal.com,Male,125.174.169.67
601,Clemmy,Passion,cpassiongo@gizmodo.com,Male,121.62.113.200
602,Correy,Christofle,cchristoflegp@dedecms.com,Female,202.54.62.123
603,Tildy,Wilmott,twilmottgq@webmd.com,Female,194.134.62.13
604,Saree,Greenacre,sgreenacregr@icq.com,Female,203.29.65.235
605,Emanuel,Rosenqvist,erosenqvistgs@yellowbook.com,Male,179.194.119.193
606,Jenn,Rings,jringsgt@timesonline.co.uk,Polygender,105.145.90.4
607,Nolan,Stamper,nstampergu@de.vu,Male,116.92.140.233
608,Edin,Bradborne,ebradbornegv@amazon.co.uk,Female,136.40.187.15
609,Melli,Sprionghall,msprionghallgw@desdev.cn,Bigender,213.79.173.228
610,Obie,Hanstock,ohanstockgx@loc.gov,Male,177.229.239.144
611,Vicki,Lorenzini,vlorenzinigy@cafepress.com,Female,237.205.106.196
612,Morry,Jeffryes,mjeffryesgz@google.co.uk,Male,249.26.169.200
613,Renault,Langelay,rlangelayh0@ovh.net,Male,146.46.116.58
614,Neddy,Furlonge,nfurlongeh1@wp.com,Male,12.90.193.240
615,Evered,Bente,ebenteh2@posterous.com,Male,97.252.170.166
616,Jehu,Olcot,jolcoth3@wired.com,Male,181.118.89.236
617,Norby,Hickin,nhickinh4@alibaba.com,Male,133.10.110.66
618,Dennison,Jachimiak,djachimiakh5@google.com.hk,Male,118.70.129.223
619,Keary,Mulleary,kmullearyh6@123-reg.co.uk,Male,167.64.106.8
620,Winston,Roscam,wroscamh7@cnet.com,Male,189.173.81.146
621,Tedra,Bedminster,tbedminsterh8@nyu.edu,Female,71.4.9.103
622,Hodge,Lightowler,hlightowlerh9@ameblo.jp,Male,251.0.168.178
623,Percy,Blankau,pblankauha@businessweek.com,Male,141.144.112.165
624,Marsh,Manser,mmanserhb@sbwire.com,Male,220.232.246.140
625,Tate,Aingel,taingelhc@cisco.com,Male,122.197.116.139
626,Chad,Jepp,cjepphd@globo.com,Female,211.97.150.109
627,Yovonnda,Ranfield,yranfieldhe@dmoz.org,Non-binary,226.25.15.134
628,Rickert,Sutterby,rsutterbyhf@imdb.com,Male,123.158.236.28
629,Dalila,Josham,djoshamhg@dyndns.org,Female,204.234.50.165
630,Tish,Norvell,tnorvellhh@sina.com.cn,Female,91.66.145.101
631,Anet,Daniel,adanielhi@comcast.net,Female,102.40.7.110
632,Baily,MacCambridge,bmaccambridgehj@vimeo.com,Male,224.48.219.128
633,Henderson,Lerway,hlerwayhk@tripadvisor.com,Male,49.179.190.90
634,Johnny,Glamart,jglamarthl@whitehouse.gov,Male,43.128.17.245
635,Bertine,Gribben,bgribbenhm@walmart.com,Female,12.10.2.49
636,Adolpho,Bartosiak,abartosiakhn@msn.com,Male,218.122.212.222
637,Amalea,Kippax,akippaxho@posterous.com,Female,236.126.17.109
638,Onfroi,Kittless,okittlesshp@livejournal.com,Male,108.62.241.241
639,Rudyard,Shelper,rshelperhq@ucoz.ru,Male,142.126.186.215
640,Tades,Sirl,tsirlhr@va.gov,Male,35.17.202.4
641,Asa,Saunier,asaunierhs@icio.us,Male,161.86.215.229
642,Chantal,Duddin,cduddinht@amazon.de,Female,13.254.46.89
643,Jourdain,Shattock,jshattockhu@gmpg.org,Male,192.181.217.227
644,Lethia,Fidge,lfidgehv@domainmarket.com,Female,123.254.157.153
645,Kristo,Binge,kbingehw@oaic.gov.au,Male,52.18.220.225
646,Casey,Heigold,cheigoldhx@accuweather.com,Male,91.130.240.65
647,Sal,Macak,smacakhy@census.gov,Male,6.215.150.99
648,Osgood,Demsey,odemseyhz@php.net,Male,5.233.58.210
649,Merola,McMullen,mmcmulleni0@businesswire.com,Female,172.0.68.235
650,Gris,Kropp,gkroppi1@squarespace.com,Male,72.98.229.200
651,Georgia,Donohue,gdonohuei2@youku.com,Female,213.115.131.104
652,Greer,Mayoral,gmayorali3@sina.com.cn,Female,154.37.18.150
653,Elsa,Heinz,eheinzi4@wordpress.org,Female,190.64.240.30
654,Brigham,Kubek,bkubeki5@usa.gov,Male,199.20.210.35
655,Bernie,Sore,bsorei6@plala.or.jp,Agender,150.24.25.93
656,Stafford,Brannan,sbrannani7@biglobe.ne.jp,Male,5.12.47.161
657,Cayla,Costanza,ccostanzai8@chicagotribune.com,Female,206.229.205.242
658,Bartel,Lobley,blobleyi9@yale.edu,Male,239.248.114.201
659,Lennard,Trail,ltrailia@yellowbook.com,Male,248.10.223.168
660,Devlin,Moizer,dmoizerib@techcrunch.com,Male,207.131.74.45
661,Roley,Lissandre,rlissandreic@tripadvisor.com,Male,226.87.249.187
662,Luis,Sibylla,lsibyllaid@exblog.jp,Male,39.212.229.2
663,Ken,Courtman,kcourtmanie@imageshack.us,Male,143.152.63.232
664,Giorgio,Laing,glaingif@yolasite.com,Male,93.136.39.142
665,Millard,McIlmurray,mmcilmurrayig@sun.com,Male,158.86.118.234
666,Griffy,Metson,gmetsonih@infoseek.co.jp,Non-binary,250.150.248.175
667,Evelina,Gilsthorpe,egilsthorpeii@who.int,Female,237.253.180.182
668,Laurie,Bosch,lboschij@geocities.com,Genderfluid,24.165.196.97
669,Ricardo,Beneze,rbenezeik@oakley.com,Male,35.26.66.230
670,Waylen,Lawranson,wlawransonil@springer.com,Male,186.183.205.13
671,Towny,Szymanowicz,tszymanowiczim@ucla.edu,Male,97.59.29.19
672,Rockwell,Witterick,rwitterickin@squarespace.com,Male,5.179.91.23
673,Keelia,Christiensen,kchristiensenio@smugmug.com,Female,239.126.110.5
674,Morie,Draper,mdraperip@un.org,Male,166.230.86.13
675,Teddie,Brusby,tbrusbyiq@tamu.edu,Female,245.9.246.66
676,Cobbie,Lethley,clethleyir@taobao.com,Male,251.163.247.178
677,Carolus,Sollon,csollonis@gizmodo.com,Genderqueer,130.86.59.70
678,Rawley,Grunder,rgrunderit@omniture.com,Male,174.242.149.61
679,Armand,Lethby,alethbyiu@squarespace.com,Male,70.123.158.39
680,Gnni,Godwyn,ggodwyniv@e-recht24.de,Female,64.67.153.70
681,Erma,Habbal,ehabbaliw@prnewswire.com,Female,146.230.156.188
682,Trescha,Fiorentino,tfiorentinoix@japanpost.jp,Female,42.197.42.184
683,Ami,Worgen,aworgeniy@mac.com,Female,139.127.160.224
684,Sam,Albiston,salbistoniz@behance.net,Male,201.171.117.107
685,Isis,Grzeszczak,igrzeszczakj0@gravatar.com,Female,14.49.52.237
686,Ellie,Pencot,epencotj1@seesaa.net,Female,125.68.24.86
687,Wilfred,Satcher,wsatcherj2@google.de,Polygender,184.221.201.199
688,Lyle,Paternoster,lpaternosterj3@unicef.org,Male,17.136.10.22
689,Shellie,Shovlin,sshovlinj4@dailymotion.com,Female,26.184.134.11
690,Carissa,Bernardes,cbernardesj5@cdc.gov,Female,219.55.90.229
691,Gerty,Cornelissen,gcornelissenj6@zdnet.com,Female,196.17.82.62
692,Barrett,Aubri,baubrij7@goo.gl,Male,236.27.217.169
693,Marika,Conkey,mconkeyj8@google.es,Female,36.111.47.248
694,Timothea,Portal,tportalj9@youku.com,Female,93.13.29.175
695,Harwell,Riccio,hriccioja@example.com,Genderqueer,50.163.175.22
696,Atalanta,Aiken,aaikenjb@sitemeter.com,Female,143.244.199.12
697,Gregoor,Camin,gcaminjc@meetup.com,Male,84.57.243.183
698,Smitty,Jore,sjorejd@alibaba.com,Male,110.110.242.144
699,Raimundo,Beamson,rbeamsonje@infoseek.co.jp,Male,110.170.110.95
700,Marthena,Eccott,meccottjf@who.int,Female,19.48.187.216
701,Orran,Cridlon,ocridlonjg@biglobe.ne.jp,Male,44.249.242.221
702,Marjy,Scud,mscudjh@epa.gov,Female,21.234.226.177
703,Koenraad,Nevett,knevettji@google.fr,Male,244.127.24.99
704,Roxi,Maggi,rmaggijj@cnn.com,Female,226.239.200.226
705,Skell,Kinastan,skinastanjk@is.gd,Male,172.190.57.47
706,Mahmoud,Blenkinsop,mblenkinsopjl@adobe.com,Male,119.128.135.49
707,Saunderson,Flecknoe,sflecknoejm@blogs.com,Male,174.5.198.33
708,Tressa,Botfield,tbotfieldjn@abc.net.au,Female,230.128.28.228
709,Kristofer,Martschik,kmartschikjo@pcworld.com,Male,75.137.162.147
710,Kristal,Yaldren,kyaldrenjp@weibo.com,Female,181.119.100.106
711,Nick,Mulgrew,nmulgrewjq@sohu.com,Male,174.78.109.153
712,Tabbitha,Hannah,thannahjr@mediafire.com,Female,71.194.17.41
713,Alayne,Trittam,atrittamjs@walmart.com,Female,185.71.56.232
714,Haley,Prater,hpraterjt@sakura.ne.jp,Female,77.21.187.215
715,Lil,Selkirk,lselkirkju@paypal.com,Female,55.131.3.76
716,Cecilia,Ralph,cralphjv@people.com.cn,Female,28.64.250.123
717,Neysa,Tattershall,ntattershalljw@mayoclinic.com,Female,221.253.252.115
718,Rosaline,Bristo,rbristojx@un.org,Genderfluid,57.85.6.225
719,Gabbey,Bargery,gbargeryjy@soup.io,Agender,252.21.235.98
720,Ragnar,Reidshaw,rreidshawjz@phoca.cz,Bigender,100.151.172.86
721,Sadye,Amorine,samorinek0@angelfire.com,Female,241.7.69.73
722,Tabbie,Toghill,ttoghillk1@house.gov,Female,204.235.96.178
723,Gusella,Billinge,gbillingek2@seattletimes.com,Female,237.211.64.45
724,Harmony,Klos,hklosk3@drupal.org,Female,179.10.12.119
725,Marvin,Maryan,mmaryank4@printfriendly.com,Male,22.241.254.122
726,Susanna,Duffill,sduffillk5@amazonaws.com,Genderqueer,110.53.3.15
727,Philbert,Edgler,pedglerk6@wp.com,Male,96.134.15.76
728,Bryn,Ziebart,bziebartk7@boston.com,Male,96.58.24.123
729,Dalt,Matyasik,dmatyasikk8@oaic.gov.au,Polygender,59.229.128.136
730,Hashim,Sheerman,hsheermank9@people.com.cn,Male,82.216.183.93
731,Ring,Wooster,rwoosterka@goodreads.com,Male,28.231.124.187
732,Briny,Smalls,bsmallskb@google.fr,Female,34.113.116.138
733,Sheba,Morling,smorlingkc@arizona.edu,Female,177.79.79.150
734,William,Medendorp,wmedendorpkd@people.com.cn,Male,48.2.211.21
735,Chen,Trusse,ctrusseke@sbwire.com,Male,95.113.130.26
736,Robinet,Pithcock,rpithcockkf@dot.gov,Female,5.117.74.83
737,Gunther,Heelis,gheeliskg@exblog.jp,Male,57.154.196.192
738,Aluino,Freckingham,afreckinghamkh@a8.net,Male,89.166.196.90
739,Wendel,Burroughes,wburrougheski@tuttocitta.it,Male,98.23.109.65
740,Arlene,Betteson,abettesonkj@bandcamp.com,Female,132.76.160.237
741,Rosabella,Trematick,rtrematickkk@xing.com,Female,35.222.156.67
742,Grete,Gascoigne,ggascoignekl@virginia.edu,Female,247.192.253.64
743,Reggy,Spaduzza,rspaduzzakm@acquirethisname.com,Male,201.198.37.67
744,Bernardina,Ladell,bladellkn@census.gov,Female,31.111.2.69
745,Josephine,Houltham,jhoulthamko@bravesites.com,Female,60.47.169.217
746,Dagny,Frankema,dfrankemakp@cpanel.net,Male,73.192.31.222
747,Goldi,Kubiczek,gkubiczekkq@epa.gov,Female,58.192.67.182
748,Brewster,Kordes,bkordeskr@wikispaces.com,Non-binary,9.112.147.28
749,Latrina,Quartly,lquartlyks@shutterfly.com,Female,39.2.231.84
750,Maia,Buckleigh,mbuckleighkt@amazonaws.com,Female,116.35.99.87
751,Cody,Tschursch,ctschurschku@seesaa.net,Male,89.249.9.183
752,Ibbie,Ethersey,ietherseykv@yolasite.com,Female,38.246.175.185
753,Tandi,Willcock,twillcockkw@webeden.co.uk,Female,192.216.70.36
754,Emerson,Wimbury,ewimburykx@vimeo.com,Male,77.223.215.240
755,Petronilla,Dhennin,pdhenninky@nifty.com,Female,48.149.62.124
756,Beau,Ungerecht,bungerechtkz@de.vu,Male,248.82.145.145
757,Cirillo,Harbison,charbisonl0@altervista.org,Male,78.110.150.158
758,Teddy,Harniman,tharnimanl1@washington.edu,Male,47.206.131.113
759,Lacy,Bransden,lbransdenl2@webmd.com,Female,234.121.152.245
760,Magdaia,Heartfield,mheartfieldl3@sciencedirect.com,Female,34.61.187.80
761,Walliw,Pocknoll,wpocknolll4@amazon.co.jp,Female,246.5.245.123
762,Margaretha,Girtin,mgirtinl5@imdb.com,Female,216.169.58.94
763,Quentin,Origin,qoriginl6@usda.gov,Male,30.195.158.15
764,Zane,Boc,zbocl7@ft.com,Male,78.191.202.70
765,Neila,Shuttleworth,nshuttleworthl8@timesonline.co.uk,Female,127.136.171.240
766,Susannah,Camellini,scamellinil9@stanford.edu,Female,143.39.18.189
767,Tucky,Warrington,twarringtonla@wisc.edu,Male,232.57.193.12
768,Gunter,Cornhill,gcornhilllb@nba.com,Male,252.57.80.27
769,Bobby,Derrett,bderrettlc@archive.org,Female,28.217.36.127
770,Amby,Tees,ateesld@amazon.com,Male,51.198.77.225
771,Simone,Frandsen,sfrandsenle@auda.org.au,Male,213.120.85.16
772,Reginald,Gilffilland,rgilffillandlf@360.cn,Male,5.93.228.206
773,Janetta,Dominguez,jdominguezlg@cargocollective.com,Genderqueer,197.113.255.255
774,Dru,Wotherspoon,dwotherspoonlh@google.fr,Agender,252.142.227.104
775,Rudolfo,Owers,rowersli@who.int,Bigender,243.170.210.30
776,Alexandro,Elcoate,aelcoatelj@jiathis.com,Male,78.253.171.183
777,Brian,Heeks,bheekslk@oakley.com,Male,208.127.203.223
778,Herbie,Burtt,hburttll@hao123.com,Male,89.215.52.175
779,Augy,Dybald,adybaldlm@geocities.jp,Male,154.41.146.197
780,Sean,MacMeanma,smacmeanmaln@sciencedaily.com,Female,115.176.233.30
781,Harvey,Stubbert,hstubbertlo@51.la,Male,104.146.9.196
782,Ode,Tomney,otomneylp@deliciousdays.com,Male,181.190.96.57
783,Ferdie,Parzizek,fparzizeklq@tripadvisor.com,Male,238.245.149.81
784,Shir,Longhorn,slonghornlr@cbslocal.com,Female,157.198.243.101
785,Carmella,Bavridge,cbavridgels@wix.com,Agender,178.152.171.232
786,Virgie,Pirrey,vpirreylt@goodreads.com,Male,222.10.13.175
787,Cati,Lummus,clummuslu@list-manage.com,Female,221.161.79.144
788,Dru,Chace,dchacelv@taobao.com,Male,181.61.203.143
789,Silvanus,Blaes,sblaeslw@salon.com,Male,36.172.41.101
790,Silvan,Lis,slislx@hp.com,Male,59.23.191.196
791,Kalindi,Antonsen,kantonsenly@eventbrite.com,Female,98.128.73.170
792,Prue,Siemandl,psiemandllz@tripadvisor.com,Female,184.178.72.26
793,Lissy,Raoult,lraoultm0@g.co,Female,185.78.35.6
794,Pierce,Viggers,pviggersm1@gmpg.org,Bigender,89.161.232.33
795,Peyter,Aronov,paronovm2@who.int,Male,7.201.81.224
796,Friedrich,Urvoy,furvoym3@1und1.de,Polygender,175.222.210.99
797,Tobye,Sharphurst,tsharphurstm4@amazon.com,Genderqueer,217.72.48.117
798,Miran,Sodor,msodorm5@canalblog.com,Female,208.229.63.242
799,Christian,Yemm,cyemmm6@ebay.com,Female,247.99.252.94
800,Crawford,Bahl,cbahlm7@mediafire.com,Male,42.56.245.186
801,Wyatt,Lerohan,wlerohanm8@engadget.com,Male,72.96.6.99
802,Ceil,Rossoni,crossonim9@businessweek.com,Female,202.126.178.94
803,Regan,Dockerty,rdockertyma@gnu.org,Male,173.39.5.25
804,Mahmoud,Townend,mtownendmb@sbwire.com,Male,136.78.25.131
805,Powell,Adrien,padrienmc@washington.edu,Male,227.242.32.129
806,Chrisy,Lackmann,clackmannmd@wikispaces.com,Male,202.183.204.211
807,Mercie,Tulloch,mtullochme@google.ru,Female,62.49.59.50
808,Lothario,Easey,leaseymf@behance.net,Male,90.171.122.57
809,Nikoletta,Wallentin,nwallentinmg@hao123.com,Female,69.129.226.31
810,Nat,Beak,nbeakmh@google.com.au,Female,198.226.223.66
811,Jacinda,Larrad,jlarradmi@goo.ne.jp,Genderqueer,76.43.227.7
812,Deeanne,Tours,dtoursmj@icq.com,Female,236.209.201.17
813,Ardelia,Finlaison,afinlaisonmk@jimdo.com,Female,197.151.170.39
814,Maryann,Romain,mromainml@merriam-webster.com,Female,215.200.233.238
815,Bellanca,Longdon,blongdonmm@wikia.com,Female,236.169.144.241
816,Dory,Agostini,dagostinimn@liveinternet.ru,Male,168.7.141.72
817,Joann,Sewter,jsewtermo@toplist.cz,Female,211.219.238.226
818,Isak,Hugonin,ihugoninmp@woothemes.com,Male,57.24.32.133
819,Erl,Simmonite,esimmonitemq@miitbeian.gov.cn,Genderfluid,217.216.253.150
820,Paulette,Merritt,pmerrittmr@who.int,Female,32.153.31.20
821,Tabina,Burkhill,tburkhillms@un.org,Female,63.104.70.78
822,Jenica,Pach,jpachmt@123-reg.co.uk,Genderqueer,25.80.47.24
823,Charisse,Mogg,cmoggmu@gravatar.com,Female,81.196.41.127
824,Rosemaria,Ossipenko,rossipenkomv@amazonaws.com,Polygender,199.232.36.200
825,Benjie,Gilliard,bgilliardmw@godaddy.com,Male,63.6.43.164
826,Margalo,Barrie,mbarriemx@youtube.com,Female,27.212.234.110
827,Giulietta,Berens,gberensmy@blogtalkradio.com,Female,42.180.113.248
828,Harrietta,Undy,hundymz@tamu.edu,Female,13.251.245.108
829,Jabez,Jurca,jjurcan0@cyberchimps.com,Male,206.132.146.124
830,Adelina,Meachem,ameachemn1@topsy.com,Female,121.57.189.224
831,Kalila,Prestwich,kprestwichn2@fc2.com,Bigender,66.159.80.77
832,Irving,Pietersen,ipietersenn3@aol.com,Male,37.213.167.72
833,Geri,Putterill,gputterilln4@blinklist.com,Female,9.44.144.217
834,Yuri,Abram,yabramn5@dedecms.com,Male,76.220.236.179
835,Willi,Eastcott,weastcottn6@un.org,Male,135.99.228.111
836,Archaimbaud,Lanktree,alanktreen7@topsy.com,Male,189.119.249.228
837,Lesya,Bevens,lbevensn8@businesswire.com,Agender,70.20.43.87
838,Any,Orwin,aorwinn9@meetup.com,Male,2.78.195.216
839,Shelli,Iddison,siddisonna@1und1.de,Female,146.187.248.197
840,Chrisse,Rubie,crubienb@ft.com,Male,16.71.20.60
841,Iggie,Brumbie,ibrumbienc@spotify.com,Male,42.250.27.206
842,Anthia,Mockler,amocklernd@bbc.co.uk,Female,137.249.70.97
843,Tabby,Bamlet,tbamletne@google.com.br,Male,230.95.122.43
844,Nancee,Stiell,nstiellnf@e-recht24.de,Bigender,54.197.31.99
845,Bria,Kille,bkilleng@wsj.com,Female,194.129.226.188
846,Hank,Kopta,hkoptanh@lycos.com,Male,112.220.53.100
847,Culver,Shortell,cshortellni@csmonitor.com,Male,90.23.195.232
848,Hamel,Stewartson,hstewartsonnj@washington.edu,Male,253.232.6.118
849,Dominik,Skellen,dskellennk@twitter.com,Male,2.253.187.199
850,Brianne,Attwoull,battwoullnl@epa.gov,Bigender,82.230.203.86
851,Filmore,Darragh,fdarraghnm@indiatimes.com,Male,191.120.214.6
852,Kerry,Bussel,kbusselnn@umich.edu,Female,217.196.58.112
853,Warner,Cassel,wcasselno@barnesandnoble.com,Polygender,24.202.26.58
854,Edlin,Sjostrom,esjostromnp@ustream.tv,Male,212.115.211.175
855,Dorri,Dehmel,ddehmelnq@ehow.com,Female,149.204.213.16
856,Erica,Pane,epanenr@wordpress.com,Female,67.81.108.83
857,Inglis,Ormesher,iormesherns@wikipedia.org,Male,196.100.76.32
858,Joseito,Arend,jarendnt@blinklist.com,Male,141.17.166.184
859,Danny,Mott,dmottnu@hp.com,Non-binary,32.121.156.240
860,Marion,Kilkenny,mkilkennynv@boston.com,Male,246.149.158.139
861,Chester,Cosgrove,ccosgrovenw@pagesperso-orange.fr,Male,59.106.201.253
862,Oren,Bew,obewnx@reddit.com,Male,73.99.158.90
863,Lisette,Garthshore,lgarthshoreny@wp.com,Agender,120.168.156.205
864,Hermione,Weich,hweichnz@dropbox.com,Female,166.234.200.66
865,Torey,Kenryd,tkenrydo0@nasa.gov,Male,14.3.14.158
866,Meaghan,Ainley,mainleyo1@epa.gov,Female,244.164.85.63
867,Ron,Dutson,rdutsono2@cdbaby.com,Male,5.171.216.222
868,Elysha,Klainer,eklainero3@comcast.net,Female,212.207.73.155
869,Donelle,Late,dlateo4@cbc.ca,Female,235.157.58.203
870,Emmy,Wrixon,ewrixono5@altervista.org,Male,3.134.126.68
871,Deloria,Renner,drennero6@census.gov,Genderqueer,188.49.66.50
872,Timothy,Jouhan,tjouhano7@ning.com,Male,183.110.103.232
873,Saudra,Sugge,ssuggeo8@jalbum.net,Female,122.152.184.69
874,Dusty,Chasney,dchasneyo9@acquirethisname.com,Female,171.95.39.114
875,Olwen,Verlinde,overlindeoa@sphinn.com,Female,195.131.32.146
876,Morgen,McKintosh,mmckintoshob@ucla.edu,Female,183.24.151.185
877,Myrlene,Joselovitch,mjoselovitchoc@mashable.com,Female,201.157.235.34
878,Baryram,Lally,blallyod@cam.ac.uk,Genderqueer,11.255.7.10
879,Ivan,Bedward,ibedwardoe@utexas.edu,Male,113.192.1.78
880,Darb,MacHostie,dmachostieof@unicef.org,Female,84.51.224.39
881,Aloysia,Rois,aroisog@ucla.edu,Female,90.46.250.23
882,Mellisa,Berends,mberendsoh@admin.ch,Female,98.101.107.149
883,Bancroft,Mattielli,bmattiellioi@so-net.ne.jp,Male,80.30.172.0
884,Marrissa,Cricket,mcricketoj@dailymail.co.uk,Female,117.112.77.47
885,Valentin,Gullan,vgullanok@paypal.com,Male,56.89.118.203
886,Dermot,Roch,drochol@earthlink.net,Male,128.248.67.191
887,Radcliffe,Cecil,rcecilom@elpais.com,Male,186.153.119.22
888,Hamid,Beddingham,hbeddinghamon@china.com.cn,Male,91.104.230.117
889,Langsdon,Skully,lskullyoo@bravesites.com,Male,142.19.164.57
890,Constanta,Bresman,cbresmanop@exblog.jp,Female,230.181.234.98
891,Jaquelin,Giddons,jgiddonsoq@live.com,Female,89.228.130.230
892,Xymenes,Hedworth,xhedworthor@sakura.ne.jp,Male,89.146.44.198
893,Mirelle,Pfeifer,mpfeiferos@china.com.cn,Female,149.240.184.250
894,Leicester,Seargeant,lseargeantot@umn.edu,Male,171.7.19.1
895,Quint,Shoreson,qshoresonou@time.com,Male,218.158.137.159
896,Innis,Summerscales,isummerscalesov@patch.com,Male,61.27.111.141
897,Putnem,Jacobowicz,pjacobowiczow@hubpages.com,Male,30.139.39.242
898,Tammy,Romaine,tromaineox@usatoday.com,Female,255.238.158.185
899,Cara,Agney,cagneyoy@seesaa.net,Female,87.203.157.25
900,Alec,Rowan,arowanoz@histats.com,Male,85.147.208.46
901,Jany,Haddrell,jhaddrellp0@ibm.com,Female,80.243.64.248
902,Lannie,Kondratovich,lkondratovichp1@blogger.com,Male,251.31.195.253
903,Denise,Arber,darberp2@discovery.com,Female,158.8.157.123
904,Baxie,Ordelt,bordeltp3@theglobeandmail.com,Male,80.215.90.68
905,Linn,Ryder,lryderp4@w3.org,Female,66.237.254.190
906,Wit,Colbridge,wcolbridgep5@google.co.jp,Genderfluid,226.17.200.113
907,Sibelle,Buret,sburetp6@smugmug.com,Female,237.194.170.44
908,Hadria,Mulvin,hmulvinp7@t-online.de,Female,195.150.232.243
909,Steffen,Pelzer,spelzerp8@xrea.com,Male,193.131.131.40
910,Bernardina,Silkstone,bsilkstonep9@sitemeter.com,Female,19.186.93.221
911,Jorry,Fero,jferopa@a8.net,Female,179.86.51.182
912,Elfreda,Kevis,ekevispb@paginegialle.it,Polygender,176.157.240.22
913,Aurora,Cobain,acobainpc@xinhuanet.com,Female,121.33.11.185
914,Jaymie,Squirrel,jsquirrelpd@pen.io,Male,201.117.190.251
915,Mylo,Olpin,molpinpe@cbslocal.com,Male,233.148.25.241
916,Vickie,Pulsford,vpulsfordpf@netlog.com,Female,39.40.221.7
917,Harris,Dreus,hdreuspg@economist.com,Male,90.124.186.182
918,Rainer,Tooze,rtoozeph@ezinearticles.com,Male,32.255.46.243
919,Max,MacCoughen,mmaccoughenpi@goodreads.com,Female,64.163.223.147
920,Jeannette,Manley,jmanleypj@aol.com,Female,38.80.75.129
921,Vera,Roomes,vroomespk@icq.com,Genderfluid,30.142.32.14
922,Bearnard,Agett,bagettpl@prweb.com,Male,174.169.103.149
923,Meredith,Bayley,mbayleypm@about.com,Male,137.234.225.3
924,Ingamar,Whittington,iwhittingtonpn@goodreads.com,Male,207.96.119.30
925,Sascha,Crock,scrockpo@1und1.de,Male,38.197.50.173
926,Mercedes,Harlow,mharlowpp@ovh.net,Genderqueer,215.117.9.134
927,Shae,Stoppe,sstoppepq@shop-pro.jp,Female,188.95.217.213
928,Min,Hilley,mhilleypr@feedburner.com,Female,30.126.252.42
929,Casper,Cristofol,ccristofolps@mac.com,Male,104.13.77.141
930,Issi,Grimmett,igrimmettpt@bluehost.com,Female,30.81.68.93
931,Angelle,Hamon,ahamonpu@bizjournals.com,Female,161.108.21.144
932,Padraig,Llewelly,pllewellypv@geocities.jp,Agender,112.247.108.165
933,Phil,Leabeater,pleabeaterpw@shinystat.com,Male,96.251.59.116
934,Shana,Choldcroft,scholdcroftpx@bravesites.com,Female,138.118.37.136
935,Jesselyn,Lafferty,jlaffertypy@sakura.ne.jp,Female,245.179.105.167
936,Gearard,Wilson,gwilsonpz@elpais.com,Male,31.84.229.126
937,Nickola,Hanhardt,nhanhardtq0@foxnews.com,Male,209.79.41.47
938,Spence,Springford,sspringfordq1@unc.edu,Male,152.25.77.100
939,Herminia,Mixter,hmixterq2@hubpages.com,Female,80.21.186.18
940,Alexine,Whilde,awhildeq3@usnews.com,Female,200.239.136.5
941,Imogen,Barhems,ibarhemsq4@noaa.gov,Female,249.158.109.208
942,Wolfgang,McMeekin,wmcmeekinq5@google.nl,Male,40.44.40.4
943,Tiffany,Mulvaney,tmulvaneyq6@alexa.com,Female,194.16.204.215
944,Evelyn,Boydon,eboydonq7@storify.com,Female,24.57.23.115
945,Charmane,Battisson,cbattissonq8@google.com,Female,131.182.73.186
946,Patrizia,Dukesbury,pdukesburyq9@dell.com,Female,242.21.165.61
947,Brnaby,Columbell,bcolumbellqa@dell.com,Male,250.246.48.97
948,Hunter,Pagen,hpagenqb@yellowpages.com,Genderfluid,129.143.170.200
949,Reade,Board,rboardqc@reuters.com,Male,142.32.160.245
950,Wat,Devers,wdeversqd@a8.net,Male,222.19.59.202
951,Reggie,Halsall,rhalsallqe@chron.com,Male,229.207.212.200
952,Allie,Pau,apauqf@newsvine.com,Male,152.110.71.173
953,Janaye,Pancast,jpancastqg@forbes.com,Female,254.173.239.174
954,Flem,Nana,fnanaqh@booking.com,Male,239.121.245.102
955,Elisha,Yu,eyuqi@google.it,Male,94.36.20.106
956,Herbie,Edgeley,hedgeleyqj@state.gov,Male,193.174.66.144
957,Windham,Stredder,wstredderqk@kickstarter.com,Male,79.185.76.0
958,Wallache,Bond,wbondql@slideshare.net,Male,196.164.103.250
959,Garald,Braganca,gbragancaqm@home.pl,Male,197.47.15.7
960,Quent,Beneteau,qbeneteauqn@springer.com,Male,24.12.99.139
961,Blake,Kensit,bkensitqo@moonfruit.com,Female,175.51.210.107
962,Lonnard,Tainton,ltaintonqp@loc.gov,Male,166.192.57.167
963,Elly,Giraudeau,egiraudeauqq@networkadvertising.org,Female,114.238.83.101
964,Em,Gorbell,egorbellqr@angelfire.com,Male,41.85.242.92
965,Mercedes,Hebbes,mhebbesqs@typepad.com,Female,223.138.65.151
966,Donn,Abdy,dabdyqt@unicef.org,Male,56.21.141.244
967,Randall,Nortunen,rnortunenqu@artisteer.com,Male,40.32.217.197
968,Amery,Capstick,acapstickqv@upenn.edu,Male,141.55.233.160
969,Carline,Placidi,cplacidiqw@lulu.com,Genderfluid,162.243.233.40
970,Brigit,Tremblay,btremblayqx@newsvine.com,Female,213.178.8.173
971,Nikos,Glason,nglasonqy@soundcloud.com,Male,133.114.139.108
972,Charmion,Coughtrey,ccoughtreyqz@joomla.org,Female,135.100.58.243
973,Sammie,Chennells,schennellsr0@psu.edu,Male,208.158.8.11
974,Dorthea,Foyster,dfoysterr1@dropbox.com,Female,234.56.32.82
975,Lena,Godmer,lgodmerr2@foxnews.com,Female,207.78.195.95
976,Barty,Aronow,baronowr3@cloudflare.com,Male,186.113.59.223
977,Manolo,Knapman,mknapmanr4@1und1.de,Agender,95.116.225.122
978,Rosmunda,Stuffins,rstuffinsr5@archive.org,Female,209.59.122.205
979,Aidan,Fairebrother,afairebrotherr6@vinaora.com,Female,85.116.208.132
980,Mahmoud,Ivanishev,mivanishevr7@biglobe.ne.jp,Male,89.41.174.218
981,Damaris,Gillise,dgilliser8@loc.gov,Female,179.87.114.138
982,Eirena,Vannuchi,evannuchir9@state.gov,Female,171.202.201.61
983,Henri,Balk,hbalkra@facebook.com,Male,2.211.16.62
984,Millie,Hollindale,mhollindalerb@amazon.co.uk,Female,249.42.240.25
985,Ware,Dubery,wduberyrc@who.int,Male,195.14.27.79
986,Silvia,Hannen,shannenrd@liveinternet.ru,Female,202.104.181.206
987,Winfield,Constable,wconstablere@artisteer.com,Male,130.49.68.21
988,Ray,Leverton,rlevertonrf@admin.ch,Female,41.129.239.214
989,Mable,Chanter,mchanterrg@drupal.org,Female,31.30.117.175
990,Nichole,Clemas,nclemasrh@4shared.com,Male,139.135.36.136
991,Cristen,Medway,cmedwayri@ezinearticles.com,Bigender,87.199.156.234
992,Darlene,Siemantel,dsiemantelrj@chron.com,Female,192.158.223.200
993,Mortimer,Reboul,mreboulrk@amazon.co.uk,Male,83.71.19.125
994,Ed,Ruckman,eruckmanrl@meetup.com,Male,135.57.13.97
995,Tammara,Milthorpe,tmilthorperm@blinklist.com,Polygender,255.139.239.241
996,Veriee,Chinnock,vchinnockrn@oaic.gov.au,Female,253.114.26.173
997,Gilemette,Swaysland,gswayslandro@icq.com,Female,198.131.178.14
998,Rosmunda,Dulwich,rdulwichrp@wunderground.com,Female,35.30.133.251
999,Gerri,Pinkard,gpinkardrq@sourceforge.net,Female,19.20.222.250
1000,Wes,Chandlar,wchandlarrr@g.co,Male,57.249.255.249
